owner,name
Tesla,Floflo
Tesla,SmallishGiraffe
Tesla,Carlos Valadez
Tesla,Brandon adelmeyer
Tesla,PlayerOne
Tesla,Ouaini Abd
Tesla,ShakinMyHeadCryin
Tesla,Dawson
Tesla,Wamila
Tesla,RJ Marcowka
Tesla,<U+0394>nas.
Tesla,NEW EARTH MUSIC
Tesla,Charlie Dwyer
Tesla,Elijah
Tesla,capitaledmistration
Tesla,Nick Valdez
Tesla,<U+2664>ROKASFRANK<U+2664>
Tesla,GTheGeek
Tesla,Vaiden Logan
Tesla,YaxzidMT
Tesla,ahmad ahmad
Tesla,Chris Murphy
Tesla,J-Slizzle
Tesla,Jan
Tesla,Kirkland
Tesla,Jerry
Tesla,Cory Lyda
Tesla,Trey Fletcher
Tesla,karan khichi
Tesla,Stoian Kaev
Tesla,PNG
Tesla,Surendra
Tesla,<U+4E54><U+5CB3><U+4E4B>
Tesla,Commo Nerd SGM
Tesla,Veronica
Tesla,Michael Vandi
Tesla,JF de Beer
Tesla,Ratnesh Kumar
Tesla,Make Things Happen
Tesla,Flavio T
Tesla,<U+963F><U+5361><U+62C9>
Tesla,Aldo Guerrero
Tesla,Nikunj Rathi
Tesla,raging against
Tesla,Chuck Yang
Tesla,Indresh Rawat
Tesla,patrick nikolic
Tesla,sol<U+0279><U+0250><U+0186> <U+2601><U+FE0F>
Tesla,akshaypatel
Tesla,Ron's
Tesla,HunterBroome
Tesla,Filiberto J Mendoza
Tesla,zaid viking
Tesla,liam king
Tesla,Crystal
Tesla,mahmut
Tesla,Ashwin Somkuwar
Tesla,kjell
Tesla,Alessio Bove
Tesla,Sidharth BG
Tesla,<U+0410><U+043C><U+0444><U+0435><U+0441><U+0442>
Tesla,Arely Galvan
Tesla,Chris D. Tucker
Tesla,William Bain
Tesla,Luis Gomes
Tesla,Till Heinzen
Tesla,suraj giri
Tesla,gullabro
Tesla,Alli <U+0001F49C>
Tesla,Vito Tonarelli
Tesla,Antonini™<U+FE0F>
Tesla,JustGrimm
Tesla,pankaj_cr7
Tesla,freedom
Tesla,Stuart Peace
Tesla,Keegan Barry
Tesla,Tom
Tesla,Reuben Bowlby
Tesla,julian
Tesla,Karthik Gopinath
Tesla,carlosenvironmental
Tesla,Friz64
Tesla,BichoyAbdelmalak
Tesla,BMP
Tesla,Jason
Tesla,Accelerate Branding
Tesla,Prashant Maurya
Tesla,exnosa
Tesla,_amaya21_
Tesla,<U+0001F35E><U+0001F41D>•·Isa<U+0001F3B9>·•<U+0001F1E8><U+0001F1F4>
Tesla,Dannys Quiros
Tesla,Shäwn
Tesla,Marvin Castellanos
Tesla,Towseef Ahmed Shadab
Tesla,<U+0001F5A4> Hannah Odom <U+0001F48B>
Tesla,"m, formertfs"
Tesla,Haniel Anicho-Okereke <U+0001F1F3><U+0001F1EC>
Tesla,M S
Tesla,sergio f cruz
Tesla,Mate Mako
Tesla,Abhisar Bankar
Tesla,<U+039B>DN<U+039B>N
Tesla,blessed
Tesla,Yash Patni
Tesla,Kat Choi
Tesla,Beth
Tesla,Joe Voelker
Tesla,Max Madmaxx<U+0001F1ED><U+0001F1F9><U+0001F1ED><U+0001F1F9>
Tesla,E
Tesla,Andras Salanki
Tesla,<U+0415><U+0432><U+0433><U+0435><U+043D><U+0438><U+0439>
Tesla,matarara_official
Tesla,Bo-Jo.
Tesla,No
Tesla,<U+0001D55E><U+0001D556><U+0001D555><U+0001D55A><U+0001D566><U+0001D55E> <U+0001D55A><U+0001D55F> <U+0001D55B><U+0001D552><U+0001D561><U+0001D552><U+0001D55F> <U+2661>
Tesla,JAIDEV SHARMA
Tesla,<U+0001F1EE><U+0001F1F3>
Tesla,Güven fedau
Tesla,Aymen Fadili
Tesla,zeldakerubo
Tesla,Alpaccino
Tesla,Martí Soler
Tesla,Guilhem Poussot
Tesla,Efe Koc
Tesla,<U+0001D64B><U+0001D656><U+0001D657><U+0001D661><U+0001D664> <U+0001D652><U+0001D65A><U+0001D668><U+0001D669> <U+2604><U+FE0F>
Tesla,bigpapinegraso
Tesla,ramesh Dhami
Tesla,Ismail Ariri
Tesla,Aanand Modi
Tesla,Rabab naqvi
Tesla,Yannick Obergfell
Tesla,hannah j.
Tesla,ISKENDER GÖKDEMIR
Tesla,Oliver Bennett
Tesla,mute
Tesla,Ali Ayaz
Tesla,holy gualickle
Tesla,Sudeep Kumar Barik
Tesla,Paige Hoffman
Tesla,Leachim ekuad
Tesla,Kálmán Attila
Tesla,5aled a7md3li
Tesla,Davis Studio
Tesla,Benjamin Henriksen
Tesla,Wesbrook
Tesla,kalidindi sunil
Tesla,daniel Brown
Tesla,dharmanshu
Tesla,Ryan Michalek
Tesla,cejo
Tesla,Fahad Imran Raja
Tesla,Alec
Tesla,Shaunie Peraza
Tesla,Brenden English
Tesla,Pistol Papi
Tesla,Jason McKibbin
Tesla,Half Hours on Earth
Tesla,VR
Tesla,Prateek Kumar
Tesla,Trey
Tesla,soulboysean
Tesla,Euler Altamirano
Tesla,Billy Lin
Tesla,JT
Tesla,Rice Rice
Tesla,Christopher B. Prado
Tesla,TESLA
Tesla,EliteNightHawk
Tesla,Em<U+0001F451>
Tesla,Jon Zombie
Tesla,VinodPatel
Tesla,ahmedsalty
Tesla,Oscar Hedaya
Tesla,Courtney Ball
Tesla,Howie
Tesla,ha van luat
Tesla,Miss Mother Nature
Tesla,Mike Kennedy
Tesla,Martin Dolák
Tesla,Adam Moses
Tesla,Klinsmann
Tesla,Lobo
Tesla,John Gearhart
Tesla,Michael Stork
Tesla,Tim Smith
Tesla,Orked
Tesla,Jessica Cruz
Tesla,Chede K.A
Tesla,Timo Kangas
Tesla,k satvik
Tesla,Andre Guerra
Tesla,BLOKE vs WORLD
Tesla,Melted the Metalhead
Tesla,Martin de los Santos
Tesla,Saints got robbed
Tesla,Luis Rangel
Tesla,Adventure Girl Paula
Tesla,Patrick P
Tesla,Chi-chi
Tesla,Fizah Zainudin
Tesla,Cheng-Li
Tesla,Joshua Sparkia
Tesla,Gaetano Cardillo
Tesla,Michael W. Kayembe
Tesla,Karina Toxqui
Tesla,Matthew Brown
Tesla,Sarah Jamesy
Tesla,Mathew Turner
Tesla,Blakemaster
Tesla,Empathy Market <U+24CB>
Tesla,juan perez
Tesla,ADAM
Tesla,Nowhere Man
Tesla,Zorax
Tesla,Henk Toering
Tesla,michael elzy
Tesla,soner akbulut
Tesla,l
Tesla,Paul
Tesla,BirUmut
Tesla,sumitsinh Parmar
Tesla,WillSmith
Tesla,Saurabh Chakre
Tesla,Mohsin Hirani
Tesla,Dan :)
Tesla,Sam Burrell
Tesla,udakemwa parfait k.
Tesla,Jaman rajkarnikar
Tesla,Akshay Patil
Tesla,Yeni
Tesla,Eric Alex Macias
Tesla,Think Deep
Tesla,Adam Chapman
Tesla,Simon Liu
Tesla,Mohan Rock
Tesla,<U+0001F188><U+0001F171><U+0001F181>
Tesla,Priyanka Ankam
Tesla,Louis Baldioceda
Tesla,AštRöñaût
Tesla,Victor Li
Tesla,Aynur Beyaztunç
Tesla,Jxde
Tesla,julia
Tesla,PeuQ
Tesla,Mats Lundkvist
Tesla,<U+ADC0><U+C5EC><U+C6B4> <U+C218><U+C815> <U+00013189>
Tesla,Vaibhav kokat
Tesla,k e n
Tesla,J<U+0336>u<U+0336>l<U+0336>i<U+0336>a<U+0336>n<U+0336>
Tesla,John Crampton
Tesla,Cait baldini Wilde
Tesla,TorontoCorporateRun
Tesla,Shashank sawant
Tesla,Yusak Gunawan
Tesla,Landon Brou
Tesla,The Wine Show
Tesla,William Marstrand
Tesla,ines_pinto<U+0001F33B>
Tesla,LILY
Tesla,Luis Mercado
Tesla,Nishchay
Tesla,Naveen Krishna
Tesla,<U+0639><U+0648><U+062F><U+0627><U+0646> <U+0001F1F8><U+0001F1E6>
Tesla,Zachary Taylor
Tesla,Dominique Lemieux
Tesla,58 Cadillac
Tesla,Calum Gardner
Tesla,Deborah Croll
Tesla,Flame
Tesla,Jake Sabo
Tesla,Shaneel Patel
Tesla,iamAk
Tesla,Eslam ahmed
Tesla,Kyle Carpenter
Tesla,Danny Rosales
Tesla,Ress Ejinn
Tesla,Yumero
Tesla,Jorge Menacho
Tesla,daihuku818
Tesla,Mr.Pickens™
Tesla,Thorsten Unterberger
Tesla,Max Kanu
Tesla,Nate Young
Tesla,Brandon
Tesla,Mohamed Zanabi
Tesla,Schuyler
Tesla,Tyler Miller
Tesla,tray
Tesla,Carlos Ivan Espinal
Tesla,Jahan
Tesla,Laura Vanessa
Tesla,Basel
Tesla,ezitrox
Tesla,Nicholas Barbaros
Tesla,TL Trout
Tesla,Guera
Tesla,Olivier Meunier
Tesla,Tamekia Fain <U+0001F30A>
Tesla,justmeibad
Tesla,Coach Louie
Tesla,Matt Laskowski
Tesla,Jor Vredeveld
Tesla,Marc Ehry
Tesla,Max Weber
Tesla,Joe van der scheepers
Tesla,Khayala Ismayilova
Tesla,Ryan Dsouza
Tesla,SkyHax
Tesla,Amna Jawaid <U+0001F1F5><U+0001F1F0> <U+0001F1F9><U+0001F1F7>
Tesla,Reece
Tesla,Nagayolokia
Tesla,fzks
Tesla,<U+9673>KERWIN
Tesla,graeme k hart
Tesla,<U+1D05><U+0493>.<U+1D00>
Tesla,<U+0645><U+0631><U+0634><U+062F> <U+0627><U+0644><U+0633><U+0627><U+0628><U+0642><U+064A>
Tesla,Remzi Yasin Özalp
Tesla,BILL
Tesla,Mark Loveday 
Tesla,Siddharth Tyagi
Tesla,yellow
Tesla,Erica Albrette
Tesla,Yasin Kaya
Tesla,Michiel Stikkel
Tesla,Thomas Wong
Tesla,Arch
Tesla,Henry Marriott
Tesla,finch
Tesla,Erika Krizsán
Tesla,juliana
Tesla,David Dostál
Tesla,Zkay Rayd
Tesla,Riivazzol
Tesla,Övünc
Tesla,Jackie
Tesla,Anurag Mishr<U+0001F1EE><U+0001F1F3>
Tesla,Gökmen Dinler
Tesla,Nicholaus Peel
Tesla,<U+039D>a<U+03B8>a<U+03BD> F<U+03C1>a<U+03BD><U+03BA><U+03B9><U+03C2>
Tesla,Anthony Sinclair
Tesla,Rebi.Iuli
Tesla,Hunter
Tesla,Noah Keil
Tesla,Terrill Jones
Tesla,jaypek
Tesla,Pratik Deshmukh
Tesla,jason chan
Tesla,Kowin
Tesla,rafi
Tesla,Jim Peaden
Tesla,<U+0001D4FD><U+0001D4F8><U+0001D4FE><U+0001D4F0><U+0001D4EA><U+0001F940><U+0001F940>
Tesla,Amadou Diallo
Tesla,Hunter_zZZ
Tesla,Joaquin Bastias
Tesla,Raul Alvarez
Tesla,821kazu_s39
Tesla,Michael
Tesla,Suyog Takte
Tesla,Mark Schubert
Tesla,Covarrubias
Tesla,AllMayrin
Tesla,Rosso Tiziano
Tesla,Arjun (Raj) Manrai
Tesla,Gil Sumuano
Tesla,Mahesh Babu
Tesla,Nitin Shirsat
Tesla,Marco Perez
Tesla,Florin Dumitrache
Tesla,Paula Valadares
Tesla,precious
Tesla,Daniel
Tesla,Mark Fadian
Tesla,Jason Lo
Tesla,Black leg Vinsmoke
Tesla,Carlos Daniel
Tesla,Carlos Fuentes
Tesla,Grace Rollin
Tesla,Jean Paul Cavani
Tesla,Mel
Tesla,RentoBodega
Tesla,IKRAMULLAH
Tesla,Gregory Bedrosian
Tesla,zhangxiaowei1017
Tesla,Dominik.Hopfler
Tesla,Aggressive Hippie
Tesla,David
Tesla,Jonas
Tesla,<U+0001D4E2><U+0001D4EA><U+0001D4FC><U+0001D4F1><U+0001D4EA><U+0001D4FD><U+0001D4F2>
Tesla,merlinho
Tesla,Everlast
Tesla,Matt Dooley
Tesla,The Short Vort
Tesla,Ethan Uveges
Tesla,<U+0001F410>theoSwoGG
Tesla,bjoerrn
Tesla,<U+0623><U+062D><U+0645><U+062F> <U+0627><U+0644><U+0645><U+062F><U+0627><U+062D>
Tesla,davidzepedazavala
Tesla,Wolfgang Vlach <U+0001F1E6><U+0001F1F9>
Tesla,jake knab
Tesla,Martin Habrnal
Tesla,Manisha Singh
Tesla,Korozs Gergo
Tesla,T.T
Tesla,Keon Moore
Tesla,ParallelFan
Tesla,Pablo Bernal
Tesla,Ghûlãm Ãshråf
Tesla,Ricardo R. Girón
Tesla,elrem89
Tesla,Firsoni
Tesla,amal kamli
Tesla,Kamil Hassan
Tesla,Sokotela Eza
Tesla,Nolan
Tesla,Phil Zhang
Tesla,Chagneau
Tesla,Ahmed Kararty
Tesla,joshua lemon
Tesla,Augustin Houba
Tesla,Tin Tin Chauhan
Tesla,Emir Balkan
Tesla,Stadsgas
Tesla,Rahul Dias
Tesla,Mohamed Aziz
Tesla,Baiomy
Tesla,Samuel Hillson lall
Tesla,<U+304B><U+3064><U+3066><U+86C7><U+53E3><U+3060><U+3063><U+305F><U+304A><U+3058><U+3055><U+3093>
Tesla,Kylee Gibson
Tesla,Ludmila Razuvanova
Tesla,Manjeet Rana
Tesla,Josh Rife <U+2623>
Tesla,Cliff G.
Tesla,Kriss M.
Tesla,<U+041A><U+0430><U+0437><U+0431><U+0435><U+043A> <U+0414><U+0435><U+0440><U+0431><U+0438><U+0442><U+043E><U+0432>
Tesla,!!!!!!!!!!!!!!!!!!!Autistic Mystic!!!!!
Tesla,avinash kumar singh
Tesla,Daniel Walsh
Tesla,VictorM
Tesla,Selçuk Polatöz
Tesla,Gergely Norbert
Tesla,Cesar Alvarez
Tesla,Haifi Khalil
Tesla,Hesna Akay
Tesla,Hugo Daniel Gomes
Tesla,<U+04A0><U+0585><U+029D><U+0585> <U+0DA7>ƒ<U+0585><U+027E>ì
Tesla,maxk
Tesla,G-MEN56
Tesla,Jorge Zavala
Tesla,Tobias
Tesla,ceco ivanov
Tesla,Theo
Tesla,Thom
Tesla,Mohmed  Abdallah
Tesla,Willenjen
Tesla,Drew<U+0001F43A>
Tesla,Rishikesh Konapure
Tesla,Sudden Peace <U+0001F43C>
Tesla,Bubba<U+0001F318>
Tesla,Josh Sheahan
Tesla,ElBigOofMan
Tesla,Marv
Tesla,Walid
Tesla,Emily Harper
Tesla,Joel Gill
Tesla,why!?
Tesla,Dani Martinez Ortin
Tesla,<U+5BB6><U+65CF> Kirishima
Tesla,Raymond Ruzgas
Tesla,Mr.curiosity
Tesla,Fatma Basak
Tesla,pc47
Tesla,Pietro Bartolotti
Tesla,senemkacarlar<U+0001F451>
Tesla,Ole Ragnar Bentsen
Tesla,HariGopal Valluru
Tesla,Veronika Mertová
Tesla,Ferris Way
Tesla,Anjanie Mohabir
Tesla,Kinnet
Tesla,Marek Burzynski
Tesla,Sharaf
Tesla,manali
Tesla,ahmed elebaidi
Tesla,Paul Thomson
Tesla,Dr ihsan
Tesla,_Crîš<U+021B>îân_Hîncâpîê_
Tesla,R.T.A./Ron$ter #YTS®
Tesla,Mohamed Mahmoud
Tesla,Roy Liu
Tesla,Aleksandra Krupinska-Kaczmarek
Tesla,Hasan Ahmad
Tesla,BenDawg
Tesla,Vincent <U+0001F98A>
Tesla,quentyy
Tesla,El.//
Tesla,IRADUFASHA Evode
Tesla,Ser. Adebayo <U+2694><U+FE0F>
Tesla,Rémi .M
Tesla,Rakshith.M
Tesla,Haley
Tesla,Q
Tesla,Yura
Tesla,Mohammed Barbiry
Tesla,Ernesto Castrejon
Tesla,Daragh Tinkler
Tesla,Robbie Thomson
Tesla,Shippotv
Tesla,PopKitch
Tesla,Michael Alter
Tesla,pierre armstrong
Tesla,Gévay Bence
Tesla,binmei
Tesla,Three Seeds Org
Tesla,Jaime Bauza
Tesla,Graham
Tesla,Doc.
Tesla,Sarah
Tesla,Pratik Birajdar
Tesla,Stuart
Tesla,vartan.zakarian
Tesla,Austin FJ
Tesla,Rebecca Franz
Tesla,mayonesa<U+0001F30F>
Tesla,Chad Emery
Tesla,Andrew
Tesla,Expired
Tesla,René Martínez
Tesla,yuosef966
Tesla,Emmy Martin
Tesla,Kousik Samanta
Tesla,no
Tesla,Amanda
Tesla,Mellouk Mourad
Tesla,Vinnie McAllister
Tesla,RICHA LOSALKA
Tesla,Wagner Simões
Tesla,cubanchink
Tesla,K
Tesla,Shailesh Aher
Tesla,JuanAn ArellanoBorja
Tesla,Kevin Morales
Tesla,Apostolos
Tesla,Igor Longor
Tesla,Jennahuey
Tesla,~La niña ilusa~
Tesla,crisis one space
Tesla,Breno Diniz
Tesla,Jeremiah
Tesla,Gerbilz
Tesla,Cool Shadic243
Tesla,MRCOLDROOM
Tesla,BYGF
Tesla,Jo-Ann Miller
Tesla,Filmon Kesete
Tesla,D
Tesla,Gostavu
Tesla,Ben via
Tesla,<U+0413><U+0435><U+0440><U+043C><U+0430><U+043D> <U+0410><U+0431><U+0440><U+0430><U+043C><U+043E><U+0432>
Tesla,Jer
Tesla,luis fernando
Tesla,Manu Berghman
Tesla,Jake Moriarty
Tesla,Mangethe
Tesla,Mellokovic
Tesla,S&SEN
Tesla,Nico
Tesla,Seratí<U+0001F6F8><U+26A1><U+FE0F>
Tesla,christian lancheros
Tesla,Andy Zhang
Tesla,Brian
Tesla,Dylan Granados
Tesla,Alvaro
Tesla,Breaaad
Tesla,Camille
Tesla,Fridryx
Tesla,Pubo
Tesla,Zaturnu <U+0001F319>
Tesla,Eng Eliander Aliwa
Tesla,Sara
Tesla,Ryan
Tesla,Gw
Tesla,Zach R
Tesla,Paul
Tesla,Gary Zhu
Tesla,jeen luck lol
Tesla,Matt Koenitzer
Tesla,CHARLESS PASCALS
Tesla,DFolds37
Tesla,Nick
Tesla,Carter Zheng
Tesla,Tommy Hane
Tesla,Marc Cubells
Tesla,Nishant
Tesla,Mudit Yadav
Tesla,Terminal Getaway
Tesla,Madao
Tesla,Nam Nguy<U+1EC5>n
Tesla,Jordan Soroko
Tesla,Kardelen
Tesla,Matt Faulise
Tesla,Thomas Eifert
Tesla,Jon D
Tesla,Brandon Greg
Tesla,Gareth Steel
Tesla,omar leonardo peña g
Tesla,Ahmed Hosny Mohamed
Tesla,Conan
Tesla,Alex Baca <U+0001F159>
Tesla,Tajammul Ghafoor
Tesla,Thomas Orman
Tesla,..
Tesla,Craig Munzker
Tesla,AbdulQuadri
Tesla,Emmystar Engineering
Tesla,dr. waymon jr
Tesla,Filip Strand
Tesla,Manchmal Maik
Tesla,Shamal Anushka
Tesla,manojmahendran
Tesla,sameer telote
Tesla,Peter Viles
Tesla,Essentium
Tesla,Kira Clark
Tesla,Mike Burjan
Tesla,Sadiq
Tesla,Cat x Exarch
Tesla,<U+0001F303>
Tesla,Uppal
Tesla,Vijayakanth L
Tesla,Sinan Türkes
Tesla,Ketlin <U+0001F4AD>
Tesla,visibly shaken sertaneja
Tesla,Jose Luis Buitrago
Tesla,<U+0001F308> L I L L Y <U+0001F3F3><U+FE0F><U+200D><U+0001F308>
Tesla,Davinci
Tesla,lil chevy silverado
Tesla,Arturo
Tesla,Joaquín Quirós
Tesla,Askhat Garafutdinov
Tesla,Anudeepa D
Tesla,Vishnu Dhyanesh
Tesla,Finn
Tesla,Jackson Murray
Tesla,ahmed ha
Tesla,Ethan Rushing
Tesla,MSK
Tesla,ben architektor
Tesla,Comrad. B.
Tesla,F-150
Tesla,Diego Pintor
Tesla,Kristian Beltran
Tesla,Devin Blom
Tesla,Mohammed KHANJRI
Tesla,i can walk that far
Tesla,Cassy <U+0001F49C>
Tesla,@IAN_NOOME
Tesla,Ian
Tesla,Mykol Kurtz
Tesla,Greg Mortimer
Tesla,Carlos
Tesla,Madison Tucker
Tesla,JIG
Tesla,Daniel <U+0001F51C> @Gamescom
Tesla,Brian Bernzweig
Tesla,Anthony Morgan
Tesla,Bu dum chhh
Tesla,LuisG<U+0001F47D>
Tesla,Bruno da CostaSantos
Tesla,Joshua jerin
Tesla,Pardeep Atri
Tesla,Angello Garibaldi
Tesla,Pan0s
Tesla,christian bulaclac
Tesla,Tom
Tesla,SQH
Tesla,hai liu
Tesla,OOOOscaRRRR
Tesla,<U+30AD><U+30EA><U+30B9><U+30C8><U+6559><U+306E>
Tesla,Razvan Iagar
Tesla,Daniel Cardoso
Tesla,Kamil Spletsteser
Tesla,<U+5343><U+57CE>
Tesla,ian
Tesla,Bruce Woodson
Tesla,<U+51AC><U+6708><U+5EFF><U+8086>
Tesla,Damon
Tesla,KDs #WeTheNorth
Tesla,Marya
Tesla,Milosz Matyaszczyk
Tesla,Eric Van Velsor
Tesla,Laiz Gois
Tesla,Frank Bradley
Tesla,Haley Mueller
Tesla,Bakier Farhan
Tesla,Jacob
Tesla,Big Daddy Trav
Tesla,mohamed yasser
Tesla,Alex
Tesla,andokio samuel 
Tesla,Markus
Tesla,Roy L
Tesla,Christian Wegerhoff
Tesla,Pritesh Chauhan <U+0001F1EE><U+0001F1F3>
Tesla,Ret
Tesla,Obsidiaaan
Tesla,abhishek sandbhor
Tesla,Pijus.Kijauskas
Tesla,Jason Wingate
Tesla,Carlos
Tesla,Paul Bugaj
Tesla,sugar ja
Tesla,<U+F8FF><U+F8FF> Kevin<U+F8FF><U+F8FF>
Tesla,Katie Fochs
Tesla,PhillyFlying
Tesla,Shouta Knhr
Tesla,<U+041C>.<U+0425><U+0443><U+043B><U+0430><U+043D>/M.Khulan
Tesla,Millot Clément
Tesla,D.J. Needs
Tesla,charActer
Tesla,Tim Cocquyt
Tesla,<U+0001F4A5>
Tesla,Jay
Tesla,<U+0001F54B><U+0001F54B><U+0001F54B>
Tesla,Yoann Vella
Tesla,Derciel Safra
Tesla,Raghav Aggarwal
Tesla,Lawrence ndegwa
Tesla,Alina Schönewolf
Tesla,Basil Batov (Baz B)
Tesla,Amit Vishwakarma
Tesla,Peped55
Tesla,Rafael Ling
Tesla,Thomas <U+0001F432>
Tesla,Roberto Rojo
Tesla,Guccigangboi
Tesla,Aadway
Tesla,Viking
Tesla,Arvid Lindström
Tesla,yeti mug
Tesla,jack
Tesla,Brian
Tesla,ArceusWN
Tesla,Mohammad Marwan
Tesla,Penny Ritchie Calder
Tesla,ztan
Tesla,Bley<U+0001F648> aka Fabio
Tesla,Alp Üney
Tesla,EMMANUEL OKUMU
Tesla,Megan Steadman
Tesla,AxelGaming
Tesla,Jon Burgham
Tesla,Sriram
Tesla,Akshat Khandelwal
Tesla,Gonzague
Tesla,Toon Vanderbeke
Tesla,José Herrera
Tesla,IkoyiOlutoba
Tesla,Choni
Tesla,Edouard
Tesla,Adday
Tesla,KAPTAN <U+0001F1F9><U+0001F1F7>
Tesla,The Real John Finn
Tesla,kurushimi_san
Tesla,steven moore
Tesla,Alexander
Tesla,Exagyde
Tesla,Clément
Tesla,Hardik Dangodra
Tesla,nidnal
Tesla,Chris Buckle
Tesla,<U+0634><U+064A><U+0628><U+0648><U+0628> <U+0662><U+0661><U+0661><U+0661>
Tesla,<U+0001D512><U+0001D525><U+0001D52F><U+0001D51E> <U+0001F317>
Tesla,dara vasu
Tesla,Eyal Cohen
Tesla,a
Tesla,Soko
Tesla,Esra
Tesla,Fansan
Tesla,Amer Nasereddin
Tesla,efra
Tesla,Rajat Agrawal
Tesla,Preneet Solanki
Tesla,R. Mike Alsuwailih
Tesla,Sergi Ribe
Tesla,Carlos B
Tesla,Amber
Tesla,Kevin Wietzorek
Tesla,Shivam Kumarr
Tesla,Adamie luc
Tesla,Timo Fabricius
Tesla,Emilie Dahl
Tesla,Elizabeth Marcotte
Tesla,Sofi Santoscoy
Tesla,Javier Perez
Tesla,alex
Tesla,Petr Hostek
Tesla,Kenan Elzoobi
Tesla,Mark Nessim
Tesla,Abby Luna
Tesla,astroice
Tesla,Hatador
Tesla,Xiang Li
Tesla,Welby Ariel
Tesla,Ryan Shanahan
Tesla,Ryan Benevento
Tesla,Thailurr
Tesla,Anita Yakobchuk
Tesla,ally
Tesla,Kelly Loh
Tesla,PETER  LI
Tesla,gianni
Tesla,selvin
Tesla,Chops
Tesla,bradblack
Tesla,Elie habari
Tesla,Vishal Sharma
Tesla,Aaron Kim
Tesla,Tyler Blake
Tesla,Temp
Tesla,wolfpussy
Tesla,Julius
Tesla,Christian
Tesla,Anuj Gilke
Tesla,Jason Patel
Tesla,ethan
Tesla,jordan<U+0001F98B>
Tesla,Carson Radl
Tesla,Gregory Nelson
Tesla,NOXON
Tesla,zengcardy
Tesla,alex
Tesla,iuoi<U+0279>p<U+0250> <U+271E>
Tesla,Nathan Zimmer
Tesla,Gavin Litherland
Tesla,DEVANARAYANA RAO
Tesla,Jackson Heller
Tesla,BernatBusquets
Tesla,JoshWithTheGlasses
Tesla,Tony
Tesla,Tyler
Tesla,Swapnil Agarwal
Tesla,parker
Tesla,Travis Trice
Tesla,Altruist
Tesla,Narendra
Tesla,Alyssa
Tesla,Daavvy
Tesla,Jack Reeg
Tesla,Hazel Hering
Tesla,Kyle Peete
Tesla,CB
Tesla,Zach
Tesla,sean mcgrady
Tesla,Thomas George Detmer Jr.
Tesla,Caro Garcia
Tesla,Charlie Bennett
Tesla,NormTCX
Tesla,almila
Tesla,21's Hell.
Tesla,rwan
Tesla,Firdaus Ridzuan
Tesla,Võ Thanh H<U+1EA3>i
Tesla,liamsi
Tesla,<U+300E> <U+0001F525>Carlos Acuña<U+0001F308> <U+300F>
Tesla,Sulaiman Sultan
Tesla,Bren
Tesla,Shadmaan Sabbir
Tesla,luna. <U+2728>
Tesla,matthew
Tesla,Fabricio Jimenez
Tesla,Valentin
Tesla,Stefan Rebeja
Tesla,Martin Stensvehagen
Tesla,Braulio
Tesla,Bone Marrow Romero
Tesla,Rohith Jimmirist
Tesla,Salomon __/)__Reyes
Tesla,Paradesi
Tesla,Preston Moore
Tesla,PowerCoupleLife
Tesla,emily
Tesla,Marcell V. Paul
Tesla,Abraham Yañez
Tesla,Alexis
Tesla,István Gremsperger
Tesla,Karan
Tesla,Lost Amongst The Stars
Tesla,El Tete
Tesla,<U+0413><U+0443><U+043B><U+0443>
Tesla,Supratik regmi
Tesla,Cøøper Sherrill
Tesla,Suldren
Tesla,José Comino Herrero
Tesla,Bane's Roommate
Tesla,donna :)
Tesla,Johnny Nguyen
Tesla,Murat BOYRAZ
Tesla,Adam Kiraly
Tesla,Subodh Kumar
Tesla,Rajiv
Tesla,Bastien / Schultzy
Tesla,Michael McBeth
Tesla,Meliksah Dipçin
Tesla,Carlos
Tesla,Douranna
Tesla,Eason Pan
Tesla,DKCyde
Tesla,Different Class Cars
Tesla,Ahmed Adel
Tesla,xXYaKnOw
Tesla,simo75
Tesla,Elizabeth Yee Haw <U+24CB> <U+0001F955><U+0001F920>
Tesla,Power of Chaos
Tesla,Saim Alam Shah™
Tesla,Sha<U+0001F973>
Tesla,Alex
Tesla,Robert99uk<U+2602><U+FE0F>
Tesla,Lina Svendsen
Tesla,AnastasiaVordonaraki
Tesla,Peculiar Musings
Tesla,William Hamilton
Tesla,Sagar Gautam
Tesla,silent y.
Tesla,Nick Letosky
Tesla,Rene Carreno
Tesla,Alois
Tesla,Lee Light
Tesla,Jenn The Aries
Tesla,Lam Thanh Ngo
Tesla,Nicolas Bauduffe
Tesla,SeyHart
Tesla,daniel garcia acosta
Tesla,Ale
Tesla,<U+0001F985>
Tesla,Dilip Jha
Tesla,javo Alvarado
Tesla,Lara Hofmann
Tesla,najikrayem
Tesla,Vinod kumar pandey
Tesla,Patrick
Tesla,Vinny Jones
Tesla,Matthew Halter
Tesla,Emil
Tesla,Pearce
Tesla,Preslie Cox
Tesla,Hassan Kayani
Tesla,Sachin Junnarkar
Tesla,Sanjai Kumar Nandakumar
Tesla,RejectedSayori
Tesla,21
Tesla,Steve Myers
Tesla,Arthur Calciolari
Tesla,brandon
Tesla,Samed Karabulut
Tesla,frida gat
Tesla,feso
Tesla,Will
Tesla,Koochi™<U+FE0F>
Tesla,Bliley Technologies
Tesla,Aeronautical Nigga
Tesla,underwegcover
Tesla,Willem Loots
Tesla,<U+722A><U+1103><U+531A><U+5C3A><U+5342><U+142F><U+4E47><U+51E0>
Tesla,Avneet Singh
Tesla,<U+0001F9D9><U+0001F3FB><U+200D><U+2642><U+FE0F>
Tesla,The Ridge Wallet
Tesla,Mathieu Lessard
Tesla,saleemnajjar
Tesla,C Craw
Tesla,hanna
Tesla,Tim Burkert
Tesla,Mehmet Acun
Tesla,Jonathan Collins
Tesla,Gönczöl Mátyás
Tesla,marchiuzz
Tesla,alpay
Tesla,Lisa Bolka
Tesla,Zach Freund
Tesla,Nik Taylor
Tesla,Luke
Tesla,Tom
Tesla,Maria
Tesla,Shah Abdur
Tesla,Rutvik Panchal
Tesla,Dhanush Mahendra
Tesla,uzair khan
Tesla,Kyõran_L
Tesla,Florian Kraffel
Tesla,Vivek Katre
Tesla,Kathy  Yang
Tesla,Edward Hart
Tesla,gaokang
Tesla,rishimurjani
Tesla,Evan <U+0001F6F8>
Tesla,Le chat qui peche
Tesla,Mario Lucangeli
Tesla,semih koçak
Tesla,Zuma
Tesla,Mas0n
Tesla,Ajinkya Abhyankar
Tesla,simaei
Tesla,Anuj Yadav
Tesla,4.47475E+11
Tesla,SquirtBurger
Tesla,Ricardo
Tesla,cristian.shay
Tesla,Sebastian
Tesla,Axel-R.75
Tesla,deepesh jain
Tesla,beifeng133
Tesla,dhanaseelan
Tesla,Reid Hatch
Tesla,Fabrício Guimarães
Tesla,Hemchand Gattamaneni
Tesla,grace
Tesla,Apoorv Ajit Mohod
Tesla,Tyler still not cappin
Tesla,boradparas
Tesla,Crack Head
Tesla,Leonardo Aedo
Tesla,Nick foster
Tesla,Ernesto Santiago
Tesla,Adrian Alviar
Tesla,Unicornocalypse
Tesla,Karan Mehta
Tesla,Yazan Abbadi
Tesla,Brandie
Tesla,Jamila Green
Tesla,WILL G
Tesla,Hal
Tesla,Nick
Tesla,Mermer
Tesla,Noah rideout
Tesla,Nicolai Pedersen
Tesla,Ginger Carlisle
Tesla,Nilu Kamdar
Tesla,Elijah Martin
Tesla,Juan Montoya
Tesla,justanotherbb
Tesla,Jordan Thickett
Tesla,Tejvir Singh
Tesla,Rachel Halverson
Tesla,Matt
Tesla,Arthur Garza
Tesla,Amar Nad
Tesla,Daniel Oliveira
Tesla,HAMODA
Tesla,Dee Kamer
Tesla,Ben Roberts
Tesla,Cress<U+0001F984>
Tesla,Talal Absar
Tesla,Richard Bond
Tesla,Keyweaks
Tesla,Allanzinho guifite azul <U+26AB><U+0001F534>
Tesla,Mauricio Ortiz
Tesla,Tommy
Tesla,<U+0001F499>bree
Tesla,Mohamed K.Amar
Tesla,Én
Tesla,Turd Ferguson
Tesla,Allen Kaus
Tesla,Aaron
Tesla,lamiin dovahkiin
Tesla,Wyclef Jean
Tesla,Storm Smith  <U+2661>
Tesla,David
Tesla,Luther Eduardo
Tesla,Christian Swenson
Tesla,R.ZED
Tesla,Alex Kwiatkowski
Tesla,<U+0627><U+0644><U+0645><U+0644><U+0643><U+064A>
Tesla,Cr Aig D
Tesla,.
Tesla,XSlender51
Tesla,» A.J | M. «
Tesla,Valentin
Tesla,PixelDragon
Tesla,Alexander Devine
Tesla,the black junie b jones wants 2 fight with swords
Tesla,Jake
Tesla,prstnbrrn
Tesla,Daniel
Tesla,matthew young
Tesla,Enzo Troncoso G
Tesla,kerveen
Tesla,Kammu
Tesla,Mark Upperdine
Tesla,[~z]
Tesla,Kyle Adams
Tesla,dR<U+0001F5A4>
Tesla,Lolo
Tesla,Ray Shen
Tesla,Carlos
Tesla,Nicholas Meredith
Tesla,Arvind Krishnan
Tesla,Akshay Rs
Tesla,<U+0001D577><U+0001D59A><U+0001D588><U+0001D58E><U+0001D58B><U+0001D58A><U+0001D597> <U+0001D578><U+0001D594><U+0001D597><U+0001D593><U+0001D58E><U+0001D593><U+0001D58C><U+0001D598><U+0001D599><U+0001D586><U+0001D597>
Tesla,Cliff Sullivan
Tesla,MadBantha II
Tesla,JimChan102
Tesla,s <U+0001F680>
Tesla,Karan Hablani
Tesla,taylor
Tesla,elocan
Tesla,siea
Tesla,Noah Berends
Tesla,hails
Tesla,VeraFahim
Tesla,Yo mero
Tesla,PABLØ ESCØBAR
Tesla,Lukas
Tesla,Valentin L.
Tesla,Victória Lucy
Tesla,Chantal Vincent
Tesla,Cline Corley
Tesla,Prateek Shah
Tesla,Liam Hamilton
Tesla,Andrew Smith
Tesla,Vasily
Tesla,Sarah Lindblom
Tesla,F A L S 3 _ P R O P H 3 T <U+0001F30E>
Tesla,armando
Tesla,Jateshwar Singh Mann
Tesla,Stephen Vaneman - REALTOR®
Tesla,Aditya kakad
Tesla,Hunter Smith
Tesla,Azouzi Hiyed
Tesla,NinjaTheWiz
Tesla,Shaffe <U+0001F1EE><U+0001F1F3>
Tesla,A
Tesla,Noa
Tesla,Kai Walters
Tesla,MARTA #FamiliaG
Tesla,Bread
Tesla,rawi
Tesla,°
Tesla,Vikku Ponnaganti<U+0001F310>
Tesla,David Marin
Tesla,Tomáš Prášek
Tesla,Lixão
Tesla,Marcel
Tesla,Akif
Tesla,OGB
Tesla,Eli Tollefson
Tesla,Jose garza
Tesla,torian paige<U+0001F33B>
Tesla,Kingsley Ofoegbu
Tesla,kuldeep singh
Tesla,Inamul Hussain
Tesla,dj
Tesla,Darren
Tesla,Craig
Tesla,Don Jackson
Tesla,Caio Oliveira
Tesla,Melese Truneh
Tesla,Marco Girovago
Tesla,Patryk4life
Tesla,Hasret Yeral
Tesla,Irena Bondarska
Tesla,fredo<U+0001F98B>
Tesla,Jeffrey Liang
Tesla,Jakob Håkansson
Tesla,WyllK
Tesla,MK
Tesla,Giselle Navarro
Tesla,Peter Henriksen
Tesla,arthur
Tesla,love singh
Tesla,fampanu
Tesla,Erik Ben
Tesla,Summit Shrestha
Tesla,safouanne khenniche
Tesla,IG: TorqueNDrive
Tesla,Micah
Tesla,Ramachandruni Krishna Teja
Tesla,Brandon
Tesla,Aman Saini
Tesla,vrushabh
Tesla,Pushkar Singh Chauhan
Tesla,Beau Mercier
Tesla,MeShell 
Tesla,Juan
Tesla,Daniel English
Tesla,Justin
Tesla,Diymho McB
Tesla,Tofael Ahmed
Tesla,Esther Owolabi
Tesla,Mustafa Ishtayeh
Tesla,Paul Belt
Tesla,Tariq
Tesla,Stéphane Zownir
Tesla,jose angel alvarado
Tesla,Ryan
Tesla,Vaibhav Samrat
Tesla,Nesmeith
Tesla,senay11<U+0001F310>
Tesla,Azeem Warsi
Tesla,DIVYANSHU DAFTARI
Tesla,<U+238A> Mideax
Tesla,Prashanth SK
Tesla,sarvanik dixit
Tesla,Andrit Mulladauti
Tesla,suraj Aru
Tesla,Bernyce
Tesla,Kavya Achar
Tesla,Daniel Chong
Tesla,Er Murazor
Tesla,Even Storheim
Tesla,paddy
Tesla,Özgür Birgün
Tesla,Charlie Lasplace
Tesla,Rishabh Chauhan
Tesla,Dan Chase
Tesla,Amiyakanta Mahanta
Tesla,ClémentPrn
Tesla,R A G H A V
Tesla,Sunflowerxeen<U+0001F33B>
Tesla,MaRKoH
Tesla,Melvenne <U+0001F44C>
Tesla,smooo..
Tesla,aditya chougule
Tesla,James Acors
Tesla,V.V. Alekseyev
Tesla,Josep Sanjaya
Tesla,Aly yusuf
Tesla,shubhangi sharma
Tesla,wowinvitesdesign
Tesla,Darren Coey
Tesla,RAMAZAN KIZIL
Tesla,Floyd
Tesla,lomi
Tesla,chella kay
Tesla,Jai<U+0001F4AA>
Tesla,Shivshankar R Jalanila
Tesla,linuxms
Tesla,Zizou
Tesla,Nathan Willett
Tesla,x- s3miotic
Tesla,Abhinav Nreddy
Tesla,Neil Grant
Tesla,Yasir Farooq
Tesla,Brandon
Tesla,lebaron
Tesla,jayesh p k
Tesla,Peter Bezzina
Tesla,<U+5409><U+9732>
Tesla,Eduardo
Tesla,bo fan
Tesla,bugrahanergin
Tesla,karki
Tesla,Bowas Muke
Tesla,Louwy Ratau
Tesla,<U+24E6><U+24D7><U+24E8><U+24E1>
Tesla,rob bartlett
Tesla,<U+963F><U+65AF><U+987F><U+98CE><U+683C>
Tesla,Alex Divers
Tesla,Troy Chola jr
Tesla,Will Wright
Tesla,Abhi Kalia
Tesla,MaaxSnow._
Tesla,Kristian Mattana
Tesla,Dj St3vGh
Tesla,Ioan Petrov 
Tesla,Jason Shi
Tesla,Matthew Poruben
Tesla,Mario Castañeda
Tesla,Jônatas Ferro
Tesla,S.O.S DONACIÓNES VENEZUELA
Tesla,Lautaro Santillan
Tesla,Rajveer Narang
Tesla,Jordan Haus
Tesla,Maciek Szczesniak
Tesla,John Kuper
Tesla,Merve Isik
Tesla,Mike
Tesla,Jose Cano
Tesla,Andrew Hargreaves
Tesla,ahmetaydemira
Tesla,Peter <U+0001F4C8>
Tesla,Carter Barnickel
Tesla,Lakhan Jagtap
Tesla,Richard
Tesla,Ludvig_w_r
Tesla,Aniruddha L. Katkar
Tesla,benayaga
Tesla,asaale
Tesla,Mati Montilla
Tesla,Kartik boodi
Tesla,Sandeep Tanga
Tesla,McKenzie Maree
Tesla,Rockdrigo
Tesla,LPFJ
Tesla,Mateusz Hamuda
Tesla,Christian Knuth
Tesla,Nate Lemieux
Tesla,JohnHeilmann
Tesla,Wes_M.
Tesla,Bloccin Ass Tay
Tesla,MijtPremovic
Tesla,Ankur Kumar
Tesla,Sil<U+039E>ntxD
Tesla,A human being
Tesla,Meine Schwanzflosse
Tesla,Julio Anaya
Tesla,Ellionico John <U+26A1><U+FE0F>
Tesla,Zarvox <U+0001F381>
Tesla,Prateek Gupta
Tesla,Ansie<U+2661>
Tesla,Javed Ali
Tesla,Bernard <U+2693><U+FE0F>
Tesla,Mira Çilek
Tesla,Jorge Gonzalez
Tesla,Sane
Tesla,Jason Edwards
Tesla,greg . MATH . yang2020
Tesla,Ankit
Tesla,Antoine
Tesla,Barb Sollner
Tesla,OPWE
Tesla,Sulaimon Olamide
Tesla,Eric Anders
Tesla,Govardhan Reddy
Tesla,TATHAGATA MUKHERJEE
Tesla,Asaad_Salem
Tesla,botsa seetaram
Tesla,Zarka
Tesla,<U+0001D63D> <U+0001D646>
Tesla,<U+0001F43E><U+0001F43E><U+0001F43E><U+0001F9F6>
Tesla,<U+043E><U+0441><U+0435><U+043D>
Tesla,Omkar prabhu dharwad
Tesla,MrLSir
Tesla,Mayang Anggita
Tesla,Emilie Pärnänen
Tesla,ODIn_
Tesla,d2
Tesla,Samuel Hernandez
Tesla,Yigit Kaan Hepsen
Tesla,Nicu
Tesla,Tilde
Tesla,Marceau <U+2693><U+FE0F>
Tesla,Jordan Hunt
Tesla,Jam
Tesla,Majdi Bhiri
Tesla,Szántó Eszter
Tesla,Black Duck
Tesla,Gabriel Rañola
Tesla,nneji micheal
Tesla,Ch Usama Ayub
Tesla,Oliver
Tesla,put| handcarry eta 13 Agustus
Tesla,HK
Tesla,Danner
Tesla,Riding the pine
Tesla,Rukhemahali 
Tesla,Prabhanjan Singh
Tesla,Acropora99
Tesla,Aashu Ankit
Tesla,CESAR
Tesla,Hintsa Gher
Tesla,Crystal Arriaga
Tesla,Plinther Mendoza
Tesla,ZOOMBIE KA TINKU
Tesla,refael ben zvi
Tesla,Is-haq_Madaraka
Tesla,Josh
Tesla,Pablo Santos
Tesla,CS PRAKASH TOSHNIWAL
Tesla,carolyn rose <U+0001F98B>
Tesla,usman
Tesla,Ryan Thiessen
Tesla,Juan Figueroa<U+2B50><U+FE0F>
Tesla,Paul
Tesla,Sanjay Dutta
Tesla,Mitchell James Carey
Tesla,Abraham Diaz
Tesla,Ashish Cherian 
Tesla,Jack Flesch
Tesla,fabio
Tesla,Trajan1000
Tesla,Austin
Tesla,Mohammad Aadil Luhar
Tesla,Michael Woods
Tesla,MTangerine
Tesla,Season Gallagher
Tesla,"James Maroulis, Esq."
Tesla,Seth Cloutier
Tesla,jecho99
Tesla,Tommy Roberts
Tesla,Charles Long
Tesla,Napoleon BL
Tesla,Kendall Hackney
Tesla,OMGitsT$mooth
Tesla,Yannick Chr
Tesla,Alf Lion
Tesla,Frankie Jade
Tesla,shane obrien
Tesla,ahz10
Tesla,Shush
Tesla,Jeff Cyprien<U+0001F325>
Tesla,TAJ
Tesla,David Correll
Tesla,Roberto Estrada
Tesla,Carol Stormberg
Tesla,Jao
Tesla,Charlene Ronquillo
Tesla,yo_whatsmyname
Tesla,SurlyBull
Tesla,shubham kaklij
Tesla,siddharth
Tesla,Miss S <U+0001F64B><U+0001F3FB><U+200D><U+2640><U+FE0F>
Tesla,Szymon Jez
Tesla,Zion Grant
Tesla,Shrikant Patil
Tesla,ya boi koy
Tesla,Uzaydaki Semazen
Tesla,Brandon N Owens
Tesla,Alex T
Tesla,Ishita Bhandari
Tesla,Sniper Coughing
Tesla,natheem
Tesla,Molly
Tesla,your friendly neighbourhood thot
Tesla,Rokas Jokubaitis
Tesla,Druu <U+0001F962>
Tesla,Wyatt
Tesla,Nicklaus McCain
Tesla,aMcCombs
Tesla,Clifford Ensomo
Tesla,Skylar Noel Havner <U+2661>
Tesla,Suuz
Tesla,Chris Roman
Tesla,Antonio Ayala
Tesla,Heisenberg
Tesla,n
Tesla,Omar Whitmore
Tesla,Dylan Raithel
Tesla,Darth Willy
Tesla,Sciurus Vulgaris
Tesla,Brandon Elliott
Tesla,Emilio Br
Tesla,Sergio Suárez
Tesla,richard drewery
Tesla,kyle garay
Tesla,Daren Neill
Tesla,salas
Tesla,Uraniumass<U+0001F1EA><U+0001F1FA>
Tesla,Artemis Tommo
Tesla,Cody Petrella
Tesla,Yannickson
Tesla,Jazmine®<U+FE0F>
Tesla,Valle1509
Tesla,Pedro Picado
Tesla,Eduardo Salcedo
Tesla,Tyler Brunkhorst
Tesla,Introvert Coaching
Tesla,S Park
Tesla,Chandler Simmons
Tesla,Ömer Saatci
Tesla,john crowell
Tesla,ERIC
Tesla,Saulo de Tarso Mende
Tesla,Bala Rajput
Tesla,Luis
Tesla,Moussa Lah
Tesla,Lucas Estevam
Tesla,Ignis<U+0001F60E>
Tesla,Tommie
Tesla,David Aideyan
Tesla,BinLin
Tesla,Struan Davidson
Tesla,gog
Tesla,Toast_E
Tesla,Deep Patel
Tesla,Decia García
Tesla,Nicola Coletti
Tesla,shelley m. kinnear
Tesla,Sharip
Tesla,Chayapha
Tesla,Jenn Tang
Tesla,Japhari Mbaru
Tesla,Ben Martin
Tesla,BOKKI KIM
Tesla,Suhas Akhare
Tesla,Ethan Castillo
Tesla,Constantinos Portokaloglou
Tesla,<U+041D><U+0438><U+043A><U+043E><U+043B><U+0430><U+0439>  <U+0421><U+043C><U+0438><U+0440><U+043D><U+043E><U+0432>
Tesla,James
Tesla,Joacim Alvergren
Tesla,Matty Dagger
Tesla,DOMS
Tesla,Dr Limsue
Tesla,Johnpaul
Tesla,JOSÉ RAMÓN GUERRA
Tesla,Chris Caleb Governor
Tesla,SpyElf
Tesla,Dean Wood
Tesla,Fabian Seitz
Tesla,Woldd
Tesla,JAWS TECHNOLOGY
Tesla,Ivan Shmidt
Tesla,PiyaFox
Tesla,Hormazd Bhamgara
Tesla,Emerson jake
Tesla,eugensonvilla
Tesla,Tushar mali
Tesla,Mihai Bolboceanu
Tesla,$.PravEEN $hiVA
Tesla,lore
Tesla,gowrishankar
Tesla,KHRANTEENUN TH.
Tesla,Mateusz Luszczynski
Tesla,Veen Gramoney
Tesla,artwhore
Tesla,Brent Maytham
Tesla,Anand chowdary
Tesla,Berente Erik
Tesla,mike delpier
Tesla,Salty Kermit
Tesla,redvo
Tesla,LIL MAMA
Tesla,Carlos Sanmartín
Tesla,Dylan Haswell
Tesla,vikas munde
Tesla,Colton Sherman
Tesla,Prithivi raj
Tesla,Piyush Agarwal
Tesla,Md.Mashud Rana
Tesla,L.Paul
Tesla,Henny_Flow <U+262F><U+FE0F>
Tesla,Mahidhar Reddy<U+0001F1EE><U+0001F1F3>
Tesla,Steed01
Tesla,hardryu§
Tesla,Johnny
Tesla,I’m just trollin through your city
Tesla,VatsalThakkar
Tesla,shiwei
Tesla,MartínZamora
Tesla,Travis Spillman
Tesla,sanderson
Tesla,Thorif Ibrahim
Tesla,Berna
Tesla,<U+767D><U+80DC><U+4E39>
Tesla,Vineeth
Tesla,Varshali Unde
Tesla,Tout<U+706C><U+62FE><U+8352>
Tesla,caroline gilmore
Tesla,justin bovert
Tesla,Lady_Roseblade
Tesla,Zubair Ijaz
Tesla,Clvy - <U+2653><U+FE0F>arden & Westy -
Tesla,rohith rao
Tesla,Sean Connor
Tesla,<U+26C8>Amber<U+26C8>
Tesla,Datboi
Tesla,A-$
Tesla,spaz
Tesla,GrowingCN
Tesla,Diabloides atomicos
Tesla,Tammy Jo Byler
Tesla,Jaehyung
Tesla,Kis Marcell
Tesla,Rachid
Tesla,Alysar
Tesla,Kirsten
Tesla,Loic Violet
Tesla,Vinay Vaghani
Tesla,Anders Jefsen
Tesla,David A
Tesla,Todsuren Ulziikhuu
Tesla,MEDUSA<U+0001F92B>
Tesla,Deissy
Tesla,Ashraf Elaboudy
Tesla,Fátima del Carmen
Tesla,Eric Koch
Tesla,Joseph Nguyen
Tesla,mnbvcwolf
Tesla,MERW
Tesla,<U+20AA><U+C545><U+C0D0><U+20AA>
Tesla,Rey
Tesla,Jean-Pierre
Tesla,Torstein Jensson
Tesla,Pia DiCenzo
Tesla,dBlink
Tesla,Jessica G.
Tesla,Marcelo Alves
Tesla,Charbel
Tesla,Drew Tibbits
Tesla,Turkz
Tesla,El clownito
Tesla,it's yo boy maemae
Tesla,zuave nic
Tesla,Adarsh Verma
Tesla,Swelly
Tesla,Anafu Clement@KingSleepy
Tesla,Winston Preston
Tesla,Tom
Tesla,Andrés Cardona
Tesla,Lovepreet Kaur
Tesla,Donald Amonson
Tesla,ha
Tesla,Timmy Martin
Tesla,Eduardo Franco
Tesla,Heiko Scholtes
Tesla,Erik
Tesla,jonisx_
Tesla,<U+0001F577><U+03C9>ill <U+0001F578>
Tesla,stevox
Tesla,<U+2615><U+FE0F>
Tesla,.
Tesla,The philanthropist
Tesla,Robert Long
Tesla,Alex Baca
Tesla,Agüevandro
Tesla,Mehran K
Tesla,KCALB™
Tesla,Jake
Tesla,Puneet Hooda
Tesla,Quajo Duke
Tesla,Kirk Bell 
Tesla,Christopher Park
Tesla,Devin Wayand
Tesla,@@@
Tesla,Saivenkatkoneru
Tesla,Jordan Radloff
Tesla,Timig Plays
Tesla,Arash Sammak
Tesla,Gaurav Aher
Tesla,Thibaut F
Tesla,Islam Amer <U+0001F1E6><U+0001F1F9>
Tesla,Dalbir Dhaliwal
Tesla,Angel  Lagarda
Tesla,The Storymaker | <U+0001F9E0><U+0001F3AC><U+0001F499>
Tesla,Hector Moreno
Tesla,Square Off
Tesla,Aid Haziri
Tesla,Eishaan Agrawal
Tesla,Jeff Ordonez
Tesla,Uko Valtenberg
Tesla,Binod Shrestha
Tesla,Erik Robertson
Tesla,Calvin
Tesla,dp
Tesla,Thomas
Tesla,Tino Löcherer
Tesla,frodo
Tesla,Ryan Konstantinidis
Tesla,Brandon
Tesla,vicky quan
Tesla,Maikel de los Reyes
Tesla,Muhammad Zulfa Azmi
Tesla,Liam Edge
Tesla,arva
Tesla,M
Tesla,sevillista <U+0001F1F5><U+0001F1F1>
Tesla,Liang CHEN
Tesla,Zayn
Tesla,Jitendra Nagar
Tesla,Don Magic Josh
Tesla,Engjell
Tesla,Bruno
Tesla,gary
Tesla,Milán Tereki
Tesla,Pedro Grains
Tesla,Rachel Parkinson
Tesla,home
Tesla,ANURAG SINGH
Tesla,José Angel Serrano
Tesla,Meena Kumari
Tesla,Deepa
Tesla,G@ur@v Mehrotr@
Tesla,Rafi
Tesla,Srihari Techie
Tesla,HyperCity
Tesla,Johnsonlukai
Tesla,shreyabafna
Tesla,Ana Palma
Tesla,Abde
Tesla,Deepshikha Ghosh
Tesla,DubPurpz
Tesla,Kenneth C
Tesla,Prathyush 
Tesla,g breezy
Tesla,mahesh_ganneboina
Tesla,pushpender punia
Tesla,Oliver Rasmussen
Tesla,Abhay
Tesla,Ravi Yadav
Tesla,Lee Mullin
Tesla,Hansi Fürst
Tesla,Jimpig Jim
Tesla,spliitzx
Tesla,Sneha Hegde
Tesla,ice man
Tesla,Philipp Meißner
Tesla,<U+0001F60A>
Tesla,Furkan Hosca
Tesla,Danaen
Tesla,Kiran Mathewz
Tesla,Devon Chambers
Tesla,Krish Jayatilleke
Tesla,HRUSHANK
Tesla,Louis Smith
Tesla,Wesley
Tesla,Peter Gomes
Tesla,<U+0001F41E> Mugiwara <U+0001F41E>
Tesla,JONNHY PHILIPS
Tesla,shivam.k.thaker
Tesla,George Stanley
Tesla,You Safe
Tesla,Abdelrhman Salah Elalfy
Tesla,Obie Ferguson
Tesla,PLS Landscaping
Tesla,97
Tesla,Jigar Patel
Tesla,Jason F. Yang
Tesla,flighthck
Tesla,JJ Yadav
Tesla,person u dont know
Tesla,blackriverpearl
Tesla,Hunter
Tesla,Umesh Gondaliya
Tesla,Oigetit Fake News Filter
Tesla,tebogo
Tesla,Jeff Kammermeyer
Tesla,Jordi <U+0001F397>
Tesla,Tranid0r
Tesla,maherya Dharmesh
Tesla,D Weez
Tesla,Ð<U+1ED7> Thanh Son
Tesla,MethodicalHomes
Tesla,deLoach
Tesla,Daniel Segovia
Tesla,Mohammad
Tesla,Joe Connolly
Tesla,<U+0645><U+0624><U+0645><U+0646> <U+0645><U+062D><U+0645><U+062F>
Tesla,Ephraim
Tesla,Sandra Acebes
Tesla,<U+0001F31F><U+0001F31F><U+0001F31F>
Tesla,Russian Circus Bear<U+0001F6F8><U+0001F441><U+0001F590><U+0001F3FB>
Tesla,juancruzramirez
Tesla,Charles Noc™
Tesla,Callum Haywood
Tesla,Manidhar N
Tesla,Joe Green
Tesla,Daniel Mouncher
Tesla,Tech World
Tesla,Talleres Lemus ®
Tesla,<U+0001F1EF><U+0001F1F2> <U+0001F334>Freud's not yet known dawta <U+0001F334><U+0001F1EF><U+0001F1F2>
Tesla,WilliamReaBetancourt
Tesla,Alim AMIRICH
Tesla,Tony Kimende Kuria
Tesla,xiwitsi.com
Tesla,Dinesh V Rochiramani
Tesla,Petr Kozak
Tesla,Philippe Ramanantsoa
Tesla,josiah clarke
Tesla,Tarun Kumar
Tesla,Fabricio Aguiar
Tesla,chancery jackson
Tesla,Yulia Gigon Yegorova
Tesla,natasha
Tesla,Dylan Colyer
Tesla,<U+2D49><U+2D5D><U+2D54><U+2D49>
Tesla,Hiren A Joshi
Tesla,Siyabulela
Tesla,Ankit Kokane<U+23FA><U+FE0F>
Tesla,Thompson
Tesla,Ryan Costantini
Tesla,Babla Salim
Tesla,Shanejedi
Tesla,Marc Gendron
Tesla,Alan Cockerill
Tesla,<U+0001F4B8>Mabel
Tesla,leonnoval
Tesla,Lui$
Tesla,Miguel R Cano
Tesla,Nitsua
Tesla,Freddy mann
Tesla,sakaya.
Tesla,Vital Systems Corporation
Tesla,Vito Reale
Tesla,Bruno Vinicius
Tesla,Calvin Au
Tesla,Edith Edsall
Tesla,zisors ggmx
Tesla,andrea monini
Tesla,NOT TODAY
Tesla,Abhiraj Tapar
Tesla,Youth Rising
Tesla,Dan Vetree
Tesla,Benjamin Freeman
Tesla,Dino Raul
Tesla,Oskar Lindborg
Tesla,Tom Pearson
Tesla,Jaiii
Tesla,Jake Kearsley
Tesla,Qlik Branch
Tesla,Andrew Kirby
Tesla,dogukan
Tesla,Nina Clipson <U+0001F33B>
Tesla,shoy jordison
Tesla,mr goooogle
Tesla,RAJAT KUMAR SINGH
Tesla,vick.deme@gmail.com
Tesla,Shakes & Peers!
Tesla,<U+0001D49C><U+0001D4C8><U+0001D4BD><U+0001D452><U+0001D4C0><U+0001D4BE><U+0001D4B6>
Tesla,Tracy Frommelt
Tesla,oscar zamora
Tesla,Celena McDermott
Tesla,Aaron
Tesla,sayef
Tesla,Hyder
Tesla,<U+4E09><U+5CF6>
Tesla,Only Mark Auto Center
Tesla,Jose Antonio Alvarez
Tesla,Noah
Tesla,Hrisrimi
Tesla,Jozeka
Tesla,Ravi Bhushan
Tesla,y
Tesla,Iulian Rosenzweig
Tesla,Drilon Musai
Tesla,r1Ns3
Tesla,@iamhabibkhan32580
Tesla,Leones Coradini
Tesla,Jiayuan
Tesla,Prasanth
Tesla,Marco De Meis
Tesla,Dysphoria
Tesla,Prasham Ashesh
Tesla,Srikanth Reddy B J
Tesla,Arifur-26 DIU
Tesla,Tre<U+264D><U+FE0F>
Tesla,as8797561987
Tesla,Jacques Lepaih
Tesla,David Newey
Tesla,Rae Cheng
Tesla,blancmunier
Tesla,Ahmed Mohsen
Tesla,Mohammed Babji
Tesla,anabellez21
Tesla,cj7
Tesla,Priyanka khatri
Tesla,Mahesh Murag
Tesla,Josie Kate
Tesla,Ismael Guerrero
Tesla,Te Daniels
Tesla,Christy Snaith
Tesla,Dhruv
Tesla,Anurag
Tesla,Ashley Yang
Tesla,ellie
Tesla,Sir Sanli
Tesla,Vijay Kumar Damodarn
Tesla,Akshay Rampure
Tesla,Demi Nakayama
Tesla,XuMing
Tesla,Ben
Tesla,pullelaramanjaneyulu
Tesla,Vishnu Deva
Tesla,Paux Boy
Tesla,Melanie J Brunelle
Tesla,Artie
Tesla,Miguel LU3EMB
Tesla,Lucas
Tesla,Mikellow
Tesla,Mohamed A Melhem
Tesla,bayuditya
Tesla,ajay sarvade
Tesla,Jax<U+0001F940>
Tesla,MH Maximus
Tesla,Annabelle
Tesla,Jake Hung Tran
Tesla,Jay Bhoir
Tesla,Henry Garcia Cano
Tesla,Sulaiman
Tesla,Dolamani pin2
Tesla,Timothy Gray
Tesla,<U+9648><U+798F><U+5F3A>
Tesla,Fb
Tesla,Princesa de jade
Tesla,Mario Contreras
Tesla,A work in progress <U+0001F4AB>
Tesla,<U+5F90><U+96C4><U+4F1F>
Tesla,Angelina Reed
Tesla,Mani
Tesla,Mr.S
Tesla,José Mariano Valenzuela
Tesla,Semkosemkon
Tesla,Ryan Mehri
Tesla,Daniel Vaughn
Tesla,Dany Strickland
Tesla,getcleantech
Tesla,Andreas
Tesla,Hector está cansado
Tesla,Sounder H
Tesla,Jeet
Tesla,Ruby
Tesla,Mariano Lopez y Cruz
Tesla,Alan Montero
Tesla,Kevin Rosales
Tesla,Cødy Røhrbacker
Tesla,Mr. Carter
Tesla,Vincenzo Greco
Tesla,yheeeezus
Tesla,Carlosmankos
Tesla,Josh
Tesla,manoj ponnam
Tesla,Vic Timpauer
Tesla,Savvas Patounas
Tesla,Not Nasim
Tesla,Vitalini Christian
Tesla,Arun chander
Tesla,DerekAbt
Tesla,andrea rebatto
Tesla,ManOfCrimson
Tesla,Benjamin Lettner
Tesla,tushar jhunjhunwala
Tesla,C W. B
Tesla,Matt Flood
Tesla,Himadri
Tesla,Lennon
Tesla,Greif
Tesla,marquizera
Tesla,Jesús Baladrón García (Suso)
Tesla,Mabel Idania Fernandez
Tesla,Eli Morrow
Tesla,Cissi
Tesla,Fikriye Yakin
Tesla,Lalith Narayanan
Tesla,Jason Crumley
Tesla,Verónica
Tesla,Martin Rehák
Tesla,Bijesh Dhakal
Tesla,Rivano
Tesla,Zaid Ibrahem
Tesla,Victor Dimov
Tesla,Bhaskar Chandra
Tesla,Cody Callison
Tesla,David Santisteban
Tesla,Krishna Obulapuram
Tesla,Nicolas Story
Tesla,Sood Nikhil
Tesla,Tamás Réka
Tesla,Sujit Kumar Das
Tesla,Ashay Singh
Tesla,Dr Hannelie Nel
Tesla,Jime
Tesla,Jon
Tesla,Leah Levine
Tesla,Sophia
Tesla,Tony Tineo
Tesla,Matthew Jaramillo
Tesla,AK Vishaal
Tesla,Timo
Tesla,Tajmirul Islam
Tesla,Henrik
Tesla,Songlin Dai
Tesla,spacemedic
Tesla,Nguyen Phan Quoc Bao
Tesla,Chendo Wiggett
Tesla,monchi200
Tesla,Harsha Krishnareddy
Tesla,nobody
Tesla,<U+0413><U+0435><U+043D><U+043D><U+0430><U+0434><U+0438><U+0439> <U+0001F340>
Tesla,Jose Villalpando
Tesla,sachin kumar singh
Tesla,M. Fahad Shahid
Tesla,Steven H.
Tesla,Pedr<U+F8FF>
Tesla,Aditya Sharma
Tesla,Isra D Vite
Tesla,Luana Feitosa
Tesla,idhalmarai
Tesla,Fernando.
Tesla,Conversant Group
Tesla,Frederic Perrollaz
Tesla,sgabruz
Tesla,Vikas Yadav
Tesla,Monica Maria
Tesla,Roopchand
Tesla,Goghul
Tesla,noname
Tesla,bharat k chaudhari
Tesla,Hendrik
Tesla,Kat Ivey
Tesla,Muhammed
Tesla,Kumarendren
Tesla,Varsha Bijali
Tesla,Mr. THICC BOI <U+0001F310>
Tesla,Alejandro Ruiz
Tesla,Bridget Padayao
Tesla,Rasmus Hansen
Tesla,Jeff
Tesla,A l i A h m e d
Tesla,frederik velez
Tesla,Hisoka
Tesla,C.
Tesla,SHOURAV
Tesla,Mace
Tesla,ITOI
Tesla,Manish Kumar
Tesla,Benni
Tesla,Mehul
Tesla,Prem Mehta
Tesla,Akash rathod
Tesla,L. Gustavo Moreira
Tesla,iArceussx3
Tesla,hazoor meri tu sari bahaar ap sy hy
Tesla,jacob
Tesla,T Blake
Tesla,toto1978
Tesla,swati shreya
Tesla,<U+304B><U+3069>
Tesla,petro jackson
Tesla,VoyagER
Tesla,Christopher Tunes
Tesla,Giorgos Karapiperidis
Tesla,Timi Ko
Tesla,Tim Loftus
Tesla,Gulraiz Shiraz
Tesla,Aakriti Gupta
Tesla,Kisma
Tesla,Nasser borjaib
Tesla,Kavin Shah
Tesla,DEEMAN
Tesla,Julien B.
Tesla,Ryan Ovalle
Tesla,Harsh Jamuar
Tesla,Luigi Bozzolo
Tesla,ryan
Tesla,carlos espinal
Tesla,Antonio<U+0001F326>
Tesla,Samwiri Jr
Tesla,Braima Injai
Tesla,hologram
Tesla,martin lopez
Tesla,Antonio Balcázar.
Tesla,Andy
Tesla,Nandish Gowda
Tesla,Andreas
Tesla,Mahmoud Ahmed
Tesla,Marco
Tesla,Flame
Tesla,sharif belal
Tesla,Ben Creasy
Tesla,Mani Safa
Tesla,Thi<U+1EC7>n Nguy<U+1EC5>n
Tesla,Chowkidar Pankaj Kumar
Tesla,Miguel Á Zamora Jr.
Tesla,Aman raikwar
Tesla,ZyBa
Tesla,Dylan Lien
Tesla,Trophic Cascade
Tesla,Hector Ramos
Tesla,<U+0001F951>
Tesla,Athira AK
Tesla,dinesh bhargav
Tesla,kevin lyons
Tesla,Ahmad Ammar Jilani
Tesla,Juan A   <U+0001F1E8><U+0001F1F4>
Tesla,Shasu Riddle
Tesla,Laurance Shcherbina
Tesla,maaz ahmed
Tesla,David Aquino
Tesla,<U+062A><U+0648><U+0631><U+062A><U+064A>
Tesla,Andre Ledet
Tesla,damian muñoz
Tesla,Prithvi BM
Tesla,Bobbi Loehr Danz
Tesla,Willy Huang
Tesla,Jatin Bhola
Tesla,Subham  Mahana
Tesla,romel
Tesla,JOEL  JD
Tesla,andrusac
Tesla,Gustavo Robles
Tesla,Lucive
Tesla,Laurie Robertson
Tesla,Abraham Andrade
Tesla,Clay Cook
Tesla,Orion Design Group
Tesla,<U+0001F43A>
Tesla,Rick Ackbarali
Tesla,Francesco Albarella
Tesla,Tom Carleton
Tesla,vineet kumar
Tesla,YungAvocadoDaGod
Tesla,<U+0001F984> Lauren King
Tesla,Elena Díaz 
Tesla,<U+0001F4FA> Sincero <U+0001F943><U+2728>
Tesla,Kishan Goyani
Tesla,Dan Healy
Tesla,.
Tesla,<U+0001F525><U+0001F3A9><U+0001D54A><U+0001D538><U+0001D544><U+0001D538><U+0001D53C><U+0001D543><U+0001F3A9><U+0001F525>
Tesla,Kirill Kubarev
Tesla,Branson Harrop
Tesla,Somika Shrestha
Tesla,Ahmad Alabadi <U+0001F1FA><U+0001F1F8><U+0001F1EC><U+0001F1E7>
Tesla,olix123
Tesla,black beard
Tesla,Scooter Kiddo
Tesla,<U+0001F171><U+FE0F>apoleon
Tesla,The Local Perspective
Tesla,Sohail Saeed
Tesla,dâygn
Tesla,Antonio
Tesla,Elvis ASORO
Tesla,Leon E
Tesla,Taylor Walicki
Tesla,@angukunga
Tesla,Arshad Henareh
Tesla,Victor Briceño
Tesla,Jacopo
Tesla,Aditya Singh Rajput
Tesla,jdiaz7192<U+26BE><U+FE0F>
Tesla,Joel Constantinos
Tesla,idk
Tesla,Kaylyn Coyle
Tesla,Antonio Martínez
Tesla,Luis Hernandez
Tesla,Âmáñdèëp Sîngh!!
Tesla,Shriya Shivankar
Tesla,jaume sorolla (Jay)
Tesla,Christaniel
Tesla,Cameron Mueller
Tesla,<U+0643><U+0627><U+0645><U+0644> <U+0627><U+0644><U+0627><U+0639><U+0648><U+0631>
Tesla,Heath Hsiao
Tesla,<U+0414><U+0438><U+043A><U+043E><U+0431><U+0440><U+0430><U+0437><U+0438><U+0435> <U+0438> <U+041C><U+0430><U+0448><U+0438><U+043D><U+043D><U+043E><U+0435> <U+043E><U+043F><U+043E><U+043B><U+0447><U+0435><U+043D><U+0438><U+0435>
Tesla,Retr0
Tesla,Kgosi33
Tesla,Peter Cook
Tesla,Ahmed Hassan
Tesla,<U+0AAE><U+0ACB><U+0AB9><U+0ABF><U+0AA4> <U+0A95><U+0AC1><U+0A95><U+0AA1><U+0AC0><U+0AAF><U+0ABE>
Tesla,Matt Madigan
Tesla,NM <U+0001F1E9><U+0001F1EA><U+0001F1FA><U+0001F1F8>
Tesla,Bilash Paul
Tesla,Milin
Tesla,Köksal
Tesla,Niall Kruzan
Tesla,d@nny
Tesla,Mandar Kale
Tesla,anand desai
Tesla,picklesarebettersoo
Tesla,ashay kumar kashyap
Tesla,Safa Kürsat Yatkin
Tesla,Ali Hashemipour
Tesla,TheDojoDude
Tesla,Irene Adler
Tesla,Tanish
Tesla,aman deep
Tesla,a hossain
Tesla,Nooruddin Alabdalla
Tesla,AJ
Tesla,Sreeram
Tesla,Sam Mizener
Tesla,<U+0645><U+062D><U+0645><U+0648><U+062F> <U+0641><U+0627><U+0631><U+0648><U+0642>
Tesla,moredeepakmukataram
Tesla,Öztan BASARAN
Tesla,Oketa agbaji sunday
Tesla,Pankajesh pandey
Tesla,Elaine
Tesla,couchcoochie
Tesla,Carlos Eduardo de Ca
Tesla,Red_Eye_X_Eyecue
Tesla,Shivtej Hodage
Tesla,Rishi Preetam
Tesla,BTS
Tesla,Chase Gregory
Tesla,ur boyfriend
Tesla,Jonniesta
Tesla,F3N1X_Artz BichuDZN
Tesla,Anna Mursell
Tesla,Noah Beyene
Tesla,Martin Dwyer
Tesla,Step
Tesla,Rishwanth Kumar
Tesla,K Muni
Tesla,Richardswn1985@gmail
Tesla,Marcin Kwiek
Tesla,PowerWar
Tesla,Andrew Edmonds
Tesla,Thomas
Tesla,Matt sloyer
Tesla,Ivana K
Tesla,lylaani fitzgerald
Tesla,varma munesh
Tesla,Amber Christian
Tesla,Gürkan Vural
Tesla,Sasi Sivakumar
Tesla,Pick me (pls)
Tesla,Aqvavitae
Tesla,Humail Arshad
Tesla,Che-po
Tesla,David Meskhidze
Tesla,Fraxision
Tesla,SERGEY
Tesla,Ashri Muhammad
Tesla,Mr. Dy
Tesla,Riccardo
Tesla,peter petrík
Tesla,MojitoKush
Tesla,Kaleo Siu-Castillo
Tesla,D A V I D _ O C H O C H E
Tesla,Ta Minh Son 
Tesla,Karl A. Turøy
Tesla,Amirhossein Talebzadeh
Tesla,saad rafi
Tesla,kampflecker81
Tesla,Nicholas Culross
Tesla,Hardeep Singh Gill
Tesla,Wimper Mendoza
Tesla,It's Mumo
Tesla,John Stevens
Tesla,elijah malachi
Tesla,fLuFfy ClOuD <U+0001F1FA><U+0001F1FE>
Tesla,Ale
Tesla,Giuseppe Lerario
Tesla,YRN
Tesla,Bradley Goff
Tesla,Jesus Marquez:)
Tesla,Rachel D'Souza
Tesla,Jeferson Marcos
Tesla,Shalmali Pradhan
Tesla,Scott Sinclair
Tesla,Tom Van Hauwaert
Tesla,Blake Warren
Tesla,Carlos Ramirez
Tesla,Gael GRIFFON
Tesla,Erwin François
Tesla,Ayush Surana
Tesla,Christine
Tesla,Mark Ross
Tesla,Miguel Angel
Tesla,Juan Pablo
Tesla,Anas
Tesla,Michael Travis
Tesla,Peria Samy
Tesla,shah smit
Tesla,Kevin R. G.
Tesla,Moosa Saadat
Tesla,<U+0001F595>
Tesla,Daypayan Nath
Tesla,Shaun
Tesla,Balaji Muthal
Tesla,Camilo Torres
Tesla,Soul Syzygy
Tesla,Tom
Tesla,manan gandhi
Tesla,chanit.CN
Tesla,Jimi Mitchell
Tesla,Tommy
Tesla,Jacob
Tesla,Thomas Grissom
Tesla,<U+30B9><U+30B8><U+30E3><U+30F3> <U+30AB><U+30EC><U+30EB>
Tesla,Kyle Vorreiter 
Tesla,Andrew Crawford
Tesla,JGP
Tesla,Mariana Flores
Tesla,Earth Mysteries
Tesla,Scott Isringhausen
Tesla,Rodney Johnson
Tesla,Petter Schatvet
Tesla,Nicolai
Tesla,Andrew Molair
Tesla,Mimzy
Tesla,<U+2721>
Tesla,Elf
Tesla,Not yet.!
Tesla,Ironfist
Tesla,Antonin Rousseau
Tesla,elnour ismail
Tesla,O C THE GREAT O*
Tesla,adam
Tesla,Ali
Tesla,muhammad yusuf
Tesla,Silas S
Tesla,Engº Marcelo Barreto
Tesla,Iron <U+0001F1F2><U+0001F1E6>
Tesla,Yassin
Tesla,sudhakar Kanakraj (sid)
Tesla,greenburatin
Tesla,Gerhard Farr
Tesla,Chris Donaghey
Tesla,Aakash mathuri
Tesla,Ze Ky 30
Tesla,MUKESH KUMAR
Tesla,menzi jack dladla
Tesla,The Fresh Prince
Tesla,G Ruzek
Tesla,Lonax <U+2601>
Tesla,Tom Darrell
Tesla,Mahir Sadnam
Tesla,ASIM KAVASOGLU
Tesla,Casandra Lynn Eakle
Tesla,JK™
Tesla,Luis Serrano
Tesla,Akhil Kannayyagari
Tesla,Kevin Kuhia
Tesla,Charles Carey
Tesla,MalditaVieja 
Tesla,Atul Waskale
Tesla,Henry k
Tesla,Waldö
Tesla,karl hemphill
Tesla,Shubham mahendrakar
Tesla,Steven Farr
Tesla,Akanksha Kesarwani
Tesla,PHANIRAM K.H SETTY
Tesla,Andrew Dimitroff
Tesla,junaid shaikh
Tesla,gerg keong
Tesla,Underi
Tesla,MOD
Tesla,Diego Garro Molina
Tesla,Schlafparalyse
Tesla,Arthilip
Tesla,Travis Riegsecker
Tesla,Mariglen
Tesla,johndoe#69
Tesla,nominoe talbot
Tesla,sarai gomez 
Tesla,JQ
Tesla,Cyrus Hiatt
Tesla,Tavarekere Lakshman
Tesla,Incógnito
Tesla,Pedro Benália
Tesla,Shoaib Nawaz
Tesla,Anan
Tesla,chase price
Tesla,KeV Bundy
Tesla,Krishna Rajput
Tesla,<U+3057><U+3085><U+3093>
Tesla,.
Tesla,dinesh sahu
Tesla,Sophea
Tesla,Shawn
Tesla,Cheryl Osborne
Tesla,My Info
Tesla,-
Tesla,Moha med Badr
Tesla,<U+0001F494>
Tesla,Burburel
Tesla,dump
Tesla,Chase Sepeda
Tesla,MarcelRicardoHerholz
Tesla,Mohammed Sait
Tesla,jose
Tesla,Yogesh Hiran
Tesla,Christian Dehm
Tesla,Jyothis Kandoth
Tesla,Miracle Ma
Tesla,SnakeDaMyth<U+26F9><U+FE0F><U+200D><U+2642><U+FE0F>
Tesla,meg<U+0001F4A7>
Tesla,TALHA ALDEMIR
Tesla,M B<U+0001F43A>
Tesla,Wissam A. Chahine
Tesla,Amr Isam
Tesla,Ayobami Emmanuel
Tesla,PedroC
Tesla,Scarrone with HUNCHO
Tesla,Joshua
Tesla,Pedro Alves dos Reis
Tesla,Jimmy Burchfield Jr
Tesla,CryptoData
Tesla,44.4
Tesla,Žan Letonja
Tesla,Jamie Crilly
Tesla,Mahesh Pillai
Tesla,Avocado_Sensei
Tesla,Lukasz
Tesla,Jan Ruland
Tesla,Ashan Priyadarshana
Tesla,Desiree Rosa
Tesla,Karan Sheth
Tesla,Jesse
Tesla,Swaraj Raina
Tesla,SJtan
Tesla,<U+041E><U+043B><U+0435><U+043A><U+0441><U+0430><U+043D><U+0434><U+0440> <U+0414><U+0437><U+0435><U+0431><U+043B><U+044E><U+043A>
Tesla,Rob
Tesla,Kyle Vanesko
Tesla,adriDel
Tesla,Kazi Abdul Latif
Tesla,KEITH M. HINES
Tesla,Spaceman
Tesla,.........
Tesla,dattatray khade#<U+0926><U+0924><U+094D><U+0924><U+093E><U+0924><U+094D><U+0930><U+092F> <U+0916><U+093E><U+0921><U+0947>
Tesla,Chrissy Allan
Tesla,juan topo
Tesla,Alijorfi
Tesla,TOSalami
Tesla,Indran G P nair
Tesla,Kevin
Tesla,Johnny Mauldin
Tesla,AK Sharma
Tesla,Will Gingerich
Tesla,MuhammedSakip Imeri
Tesla,Thomas Adams
Tesla,Mubiii
Tesla,Indranil Mukherjee
Tesla,Krishnanshu Sharma
Tesla,JD
Tesla,Altaf Rawoot
Tesla,Einzel
Tesla,Brittany Crystal
Tesla,Sein Samedy
Tesla,Riccardo Riano
Tesla,Andrea Jones
Tesla,Gemini Sapio
Tesla,Khush Ramchandani
Tesla,Cameron Curet
Tesla,musyoki paul
Tesla,Allen
Tesla,Saksham Sharma
Tesla,kami kami tinkle hoi
Tesla,Michael
Tesla,LokeshRaj
Tesla,Teach8
Tesla,Natalia Nagorska
Tesla,Eynar DeLosCobos
Tesla,swaroop
Tesla,bedo
Tesla,suraj
Tesla,Gifts & Memories
Tesla,jose
Tesla,GregAn
Tesla,JRichards
Tesla,El Moikas
Tesla,Ryan Wiltshire
Tesla,sam
Tesla,Király Ági
Tesla,Robert Dingeman
Tesla,mxmtoon. <U+2764><U+FE0F>
Tesla,HO NOYURI RODRIGUEZ
Tesla,Phil Clark
Tesla,Hugo Contreras
Tesla,Pete Gyles
Tesla,Home Business University
Tesla,Barron
Tesla,Not Exalt Puff VE
Tesla,Pascal Knopf
Tesla,Anthony
Tesla,Nancy
Tesla,Kary Strange
Tesla,FernandoHenning
Tesla,Chak Wan
Tesla,AkgunBranda
Tesla,pb
Tesla,BobbyCreed
Tesla,Enzo Malveira
Tesla,Leo Groulx
Tesla,Raymond Noel
Tesla,Benjamin Wayo
Tesla,Fatih ARDIÇ
Tesla,Ashskelton
Tesla,Olugbenga Latinwo
Tesla,Tom Riches
Tesla,Erhan Naimanov
Tesla,emily<U+0001F48E>
Tesla,Justin Linn
Tesla,malfonss
Tesla,Mohamed Kmal
Tesla,Levi LaRue
Tesla,Abel Mkulama
Tesla,Blessing Radinne
Tesla,BlaineBurrell
Tesla,Bartlomiej Lyczko
Tesla,shaikh fuzail <U+0001F1EE><U+0001F1F3>
Tesla,Andrew Davies
Tesla,Frederic Kalwitzki
Tesla,<U+65BD><U+4E9E><U+9F4A>
Tesla,Claudius
Tesla,Susheel
Tesla,Ed Ogenes Pinheiro
Tesla,<U+26AA><U+FE0F><U+0001F534><U+26AA><U+FE0F> Jon <U+0001F534><U+26AA><U+FE0F><U+0001F534>
Tesla,<U+2661><U+267F><U+FE0E> What’sHerName
Tesla,RyuKu BearZ
Tesla,OH-O
Tesla,bunty
Tesla,vimal khurana
Tesla,3D
Tesla,s s anoop kumar
Tesla,Prashul Shrestha
Tesla,ANKIT KUMAR
Tesla,Sebastián Gómez <U+0001F5FD>
Tesla,Austin<U+0001F4FA>
Tesla,Lele
Tesla,Angela Nice
Tesla,Matt Howard
Tesla,Mohana Datla
Tesla,Ambrish sharma
Tesla,Fonsi__7
Tesla,Cory Ryan
Tesla,Surendra Khanna
Tesla,Nikolas Gonska
Tesla,Revan
Tesla,Abhishek Mane
Tesla,Gato histérico
Tesla,Klemens Fliri
Tesla,Leire Cheng
Tesla,Singla Pintoo
Tesla,Amanda
Tesla,purushoth
Tesla,Pedro Hernandez
Tesla,DEEPAK YADAV
Tesla,Pedro Toruno
Tesla,park
Tesla,John Horgos
Tesla,<U+0412><U+0430><U+0441><U+0438><U+043B><U+044C> <U+0001F1FA><U+0001F1E6>100% <U+0423><U+043A><U+0440><U+0430><U+0457><U+043D><U+0435><U+0446><U+044C> 25%
Tesla,Elisabetta Marcocci
Tesla,Youssef Essaegh
Tesla,johannesson
Tesla,Kartik
Tesla,<U+03DF><U+039B>M <U+2601><U+FE0F>
Tesla,Jack ™
Tesla,evan amado
Tesla,Jackie Blake
Tesla,hrmrdcf
Tesla,mel penn
Tesla,Arthaclarius
Tesla,just charlie
Tesla,Tefo
Tesla,Isaias Cano
Tesla,Mathana Gopal
Tesla,Bilal Eldeen
Tesla,RAJA$I
Tesla,Sundeep Panchal
Tesla,Vedant Mehta
Tesla,J-P Vainionpää
Tesla,chris
Tesla,bdubs603
Tesla,Primarter
Tesla,imran ashraf
Tesla,Maciek Potrec
Tesla,Gopal kumar
Tesla,VENKATESH T S
Tesla,Braulio Vargas
Tesla,GS
Tesla,Ümit Mimtas
Tesla,KING BLADES
Tesla,Dani Blizzard
Tesla,<U+30A2><U+30C0><U+30E0>
Tesla,Running_coconut®<U+FE0F>
Tesla,SubRider
Tesla,Sprasch
Tesla,Oleg Shkreba
Tesla,<U+0001F981>SizweCharmsdlamayne..<U+0001F410>
Tesla,Spencer Bennett
Tesla,Kieren Broomfield
Tesla,Ezio Tauriello
Tesla,António Elias
Tesla,Reginessa
Tesla,Augustin
Tesla,Anto ;)
Tesla,Dominik Schneider
Tesla,<U+15E9><U+15F7><U+15EA><U+3072><U+14AA>
Tesla,Ashadulla Shaik
Tesla,cHaKrEsH
Tesla,christian®<U+FE0E>
Tesla,Kuba Zmurkiewicz
Tesla,<U+0A85><U+0AA8><U+0ABF><U+0AB2>
Tesla,Hassan Shahzad Anwar
Tesla,Dario
Tesla,adamin1i
Tesla,Sean O'Rourke
Tesla,ParamsothyThavaruban
Tesla,md amin sohel
Tesla,"Paul Michael MD, FSCAI"
Tesla,Dilara Tunca
Tesla,Madaodam
Tesla,ashish verma
Tesla,Wai Lik
Tesla,ecalle samuel
Tesla,Juan Espinosa
Tesla,Jeremy Frieser
Tesla,TanniT
Tesla,Prince Nilmin
Tesla,eMiLoL!!
Tesla,sajal das
Tesla,Pratik Raj Pawar
Tesla,slwg37s
Tesla,YaBoiSin
Tesla,Samir Ouaret
Tesla,Osman Ince
Tesla,Alan Ys
Tesla,Shinhei Iizuka
Tesla,pia miekka
Tesla,Insupportable
Tesla,flacko
Tesla,Zohaib Hammad
Tesla,Aravinda Krishnan R
Tesla,.
Tesla,Michael Dörre
Tesla,Mattia Bergomi
Tesla,vasu bhimani
Tesla,Aksh Tiwari
Tesla,<U+0001F1F3><U+0001F1E8>
Tesla,Volkan Yildirim
Tesla,Végh Tibor
Tesla,<U+0414><U+0430><U+0440><U+043A><U+043E> <U+041F><U+0435><U+0442><U+043A><U+043E><U+0432><U+0441><U+043A><U+0438>
Tesla,Charlie Terry
Tesla,Mursaleen
Tesla,Reagan Chapman
Tesla,Fabian
Tesla,James Knight
Tesla,Dhruvil Patel
Tesla,M.K_23
Tesla,dizzy
Tesla,raf <U+0001F6F8>
Tesla,Vinod Reddy
Tesla,Diego B
Tesla,Rose
Tesla,<U+7B28><U+9CE5><U+6162><U+98DB>
Tesla,jay
Tesla,Drea
Tesla,(prof). A. N. Khendrick
Tesla,Umair Rehan
Tesla,Gaurav Roy
Tesla,Muhammad Essa Dar
Tesla,Bharat Upadhyay
Tesla,charles ruban
Tesla,notenail
Tesla,Lucas Rondan
Tesla,Tan
Tesla,PG18
Tesla,Justin Porter
Tesla,#NAME?
Tesla,F@noftech
Tesla,Julio Ramos
Tesla,matteleine
Tesla,Alan Serna
Tesla,Dr. Atómico
Tesla,Anthony Chan
Tesla,Hemani
Tesla,John Nugent
Tesla,Jeya Ganesh
Tesla,Peter christensen
Tesla,PRATYUSH
Tesla,Mrunal Choudhary
Tesla,Catherine Budu
Tesla,BCGR
Tesla,Olivier Cuisinier
Tesla,<U+03A4>s<U+03BF>Punisher
Tesla,KIRAN KUMAR
Tesla,shan
Tesla,RAJANIKANT KAGATHARA
Tesla,Maria Kisker
Tesla,Piyush Sharma
Tesla,worriez
Tesla,vatandas
Tesla,Ernesto Mejía
Tesla,javi
Tesla,bella hite
Tesla,ignacio rodriguez
Tesla,Joe Larubina
Tesla,William Van Zandt
Tesla,Deepika
Tesla,fucc
Tesla,suraj bahale
Tesla,Adam Ferek
Tesla,owusua akyaw
Tesla,$$$$
Tesla,<U+F8FF> Iagus Morningstar <U+F8FF> <U+25E2> <U+25E4>
Tesla,Mario José Cervantes
Tesla,Roger Howe
Tesla,Spencer
Tesla,Richard Chen
Tesla,ASTROWORLD
Tesla,Enrique Torres
Tesla,Glenndon John
Tesla,Alistair Baretto
Tesla,Phil Conner
Tesla,Adalberto Miranda
Tesla,Frankie-Hilda Alfano
Tesla,Carlos Santana
Tesla,William A. Benjamin
Tesla,Jodelalejandro
Tesla,Joe Lighthall
Tesla,<U+94C1><U+5C0F><U+5320>
Tesla,dicle firat
Tesla,<U+97E9><U+5E1D>
Tesla,Maxen™
Tesla,Dawsen Rystad
Tesla,Leon Chen
Tesla,Joel B. Godinho
Tesla,Pedro Rodrigues
Tesla,Alan Fernandez
Tesla,theNewClassic
Tesla,HUNTERGH955
Tesla,valentin
Tesla,PoorTrainer
Tesla,Hugo Elias
Tesla,donsalate
Tesla,Nathan Newton
Tesla,AP
Tesla,pourquoi?
Tesla,Jerry Hagan
Tesla,ZzoxX
Tesla,Madarro121
Tesla,Garnett
Tesla,Marcela Orozco
Tesla,TYBERIUS SIMMONS
Tesla,EuphoIsGood
Tesla,Brandon Rivera
Tesla,Aidan
Tesla,sir tap0
Tesla,Adarsh
Tesla,Md Afjal Hossain
Tesla,¿?
Tesla,undiscret
Tesla,Charlie Sandoval
Tesla,Melonwater
Tesla,Mr.Everything<U+2764>
Tesla,Dhaval
Tesla,Evren
Tesla,......
Tesla,Joe
Tesla,Clóvis Iarossi
Tesla,Parth Shah
Tesla,toufiktorki
Tesla,Ngwa Emmanuel Atoh
Tesla,Matbra
Tesla,HissBooom
Tesla,Franco Buffa
Tesla,David S. Rodriguez
Tesla,Conner Moon
Tesla,Peyman Lashgari
Tesla,Gabriel Linca
Tesla,jason
Tesla,Kenneth Wong
Tesla,UmaroUmaro
Tesla,xun
Tesla,Chris Bozarth
Tesla,Wally
Tesla,Federico Formenti
Tesla,Rief M.
Tesla,Chris Olsen
Tesla,isaac emmaham
Tesla,Brian Fagan
Tesla,Eniola Sonowo
Tesla,Muda Khan
Tesla,Prince Batta
Tesla,Shawinder Singh
Tesla,IAmKeisiia_<U+0001F5A4><U+26A1><U+FE0F>
Tesla,fat dumbass
Tesla,ketul patel
Tesla,SMarinel
Tesla,Anita brennan
Tesla,Lars Hoehne
Tesla,Erdinç Karaalp
Tesla,AISHA
Tesla,julia
Tesla,Ankit Sharma
Tesla,hi
Tesla,Rexx
Tesla,Abby Stark
Tesla,bro ima cry
Tesla,Rayann P. Midkiff
Tesla,maderadeargan
Tesla,Lillian Hafferkamp
Tesla,allentao
Tesla,Brandon Gapin
Tesla,isaiah
Tesla,crowd
Tesla,Bhavin
Tesla,Parker Lund
Tesla,Olier Rivard
Tesla,yevgeniy spiridonov
Tesla,Jérémy Lopez
Tesla,scofie
Tesla,Clara Ampah-Korsah
Tesla,Abdallah Elzegdah
Tesla,A. Fatih Aydin
Tesla,rebelmlb55
Tesla,avi mangisto
Tesla,Tyler Bores
Tesla,Isma Martín
Tesla,S Hamilton
Tesla,Magazin Avrupa
Tesla,LonelyHorse
Tesla,CHANDRA SHEKHAR
Tesla,panchito
Tesla,Chris Miller
Tesla,Punk Puppy
Tesla,vamsikrishna
Tesla,Aditya Palsania
Tesla,Daniel Chovanec
Tesla,rohit
Tesla,@Cloudisk
Tesla,Said Madoun
Tesla,DrMustafaKamil
Tesla,Ich mag-eis
Tesla,Petr Wehrenberg
Tesla,nanieatirah
Tesla,Sandeep Addanki
Tesla,Frank Segal
Tesla,ncls
Tesla,prakash
Tesla,Nikhilendra Singh
Tesla,Karol Kawalec
Tesla,Sueli Oliveira
Tesla,sahil kapoor 
Tesla,<U+0627><U+0646><U+0627> <U+0627><U+0644><U+0634><U+0639><U+0628> <U+0627><U+0646><U+0627>
Tesla,Lene gaarden
Tesla,monsproduction
Tesla,Gaurav Tulsyan
Tesla,<U+0414><U+0435><U+043D><U+0438><U+0441> <U+0410><U+043D><U+0442><U+043E><U+043D><U+043E><U+0432>
Tesla,Chandrashekhar
Tesla,azhagu
Tesla,Kitty <U+0001F48D> <U+0001F51C> #paxwest2019
Tesla,Raghav Verma
Tesla,bikash pradhan
Tesla,Festive Fancè <U+0001F384>
Tesla,Irek Gajewski
Tesla,DoraDelaporta
Tesla,Tyrin D.
Tesla,Hung Nguyen [Buy The Dips]
Tesla,Manaye Tesfaye
Tesla,@TheeGreat_Mr.Towel<U+0001F34A>
Tesla,Jordan Nourry <U+0001F4AA><U+0001F468><U+0001F3FE><U+200D><U+0001F4BB><U+0001F44A>
Tesla,Sefa Demirdögen
Tesla,Guruagam Singh
Tesla,Angels Mercy
Tesla,Chakshu Sharma
Tesla,Mathieu van Dievoet
Tesla,Akhil Tej Chintala
Tesla,Gil Mendoza
Tesla,Larry Herrera
Tesla,Easton
Tesla,kenneth
Tesla,gautam mishra
Tesla,IRsyad Seth Muirys
Tesla,ann
Tesla,Ali
Tesla,Gopalkrishna
Tesla,Tucker Myrick
Tesla,Mohsen
Tesla,purnanandahari
Tesla,<U+9AD8><U+4E95><U+3061><U+3083><U+3093><U+3093><U+3093>(1<U+7D44><U+306E><U+4E2D><U+6751><U+3067><U+3059>)
Tesla,Jerry Motley
Tesla,Pran Poulose
Tesla,Ibrahim
Tesla,<U+5F90><U+79C9><U+4E7E>
Tesla,Joe M
Tesla,Dale Duffy
Tesla,Snethan
Tesla,Pankaj Rana Adv.
Tesla,Endy Prasetyo
Tesla,CALL ME DADDY SANKARA
Tesla,Anghan Dhrup
Tesla,UKG
Tesla,John Ferguson
Tesla,Lucas Lombardi
Tesla,molina
Tesla,Etikas souls (No offense to him <U+0001F62D>)
Tesla,Ches
Tesla,SoldierOfChrist
Tesla,dani
Tesla,Mohammed Kota
Tesla,ONE2
Tesla,mandeep bahia
Tesla,Dicky Pork
Tesla,ESD Cloud Media
Tesla,Hrab
Tesla,iqbalilyas
Tesla,<U+0001F449>GokulPai<U+0001F448>
Tesla,Kurt Lohne
Tesla,MR: Mendes
Tesla,Willem Schroers
Tesla,<U+15B4><U+15E9><U+15F7>IO <U+15F0>O<U+1587><U+15E9>IS
Tesla,DRAC
Tesla,<U+0421><U+0435><U+0440><U+0433><U+0435><U+0439> <U+041A><U+043E><U+0432><U+0430><U+043B><U+0435><U+0432>
Tesla,Jan Bjerved
Tesla,tim salers
Tesla,Alex
Tesla,Cj Godinez
Tesla,Igor Likhomanov
Tesla,Mary
Tesla,Nico – Coordicide is coming <U+231B>
Tesla,John Wheeler
Tesla,alexandre fernandes
Tesla,Jake
Tesla,Gibson bonaventure
Tesla,Jian Li
Tesla,Charles Alison
Tesla,Marquitos
Tesla,Daniel Zheng
Tesla,T-Dirty
Tesla,philipp treezy
Tesla,Allex_Kidd
Tesla,Ishwar Chavan
Tesla,Evelyn Hoogerbrugge
Tesla,Ladislav Martínek
Tesla,Ixco
Tesla,Duygu
Tesla,Vijay cule
Tesla,HChilcat
Tesla,Matt Owen
Tesla,Nikola Lubura
Tesla,Gabriele M. M.
Tesla,Kyle Ho
Tesla,My Info
Tesla,juan carlos 
Tesla,ENVY NOT YOUR WHITE OPPRESSOR
Tesla,The Incantations
Tesla,huchchareddy
Tesla,Gurpreet Singh
Tesla,adriel ortiz garcia
Tesla,Diane Landry
